email_address,user_name,password
jlevick0@artisteer.com,kbusson0,BAxNlCL0GoE
aguilloton1@elegantthemes.com,adowe1,3DjdgbS
shindes2@networksolutions.com,gjanosevic2,wz4Dcm
lfountian3@e-recht24.de,msposito3,uk3lYouiC55J
rsarfass4@behance.net,iwhitham4,dqh4m6aQKt
tlangfitt5@apple.com,gpim5,uwQIqfZEZbWa
cerickson6@google.co.uk,kgirdwood6,d5DXFj2a4h
cfrances7@salon.com,waleksich7,aSeT0WLFcr8w
kantyshev8@whitehouse.gov,pradage8,M6hhBFIqZ
slhommeau9@cam.ac.uk,jtickel9,r1PqFr8Z
tslaighta@ibm.com,vbellefontea,YgXoUtY
wacarsonb@omniture.com,smcskinb,eRSOEnmQr00
ahatchettc@fema.gov,esymondsc,WdFhPGA
adziwiszd@cdc.gov,mhaled,zzC2E2Jc7DJ
lwulfingere@diigo.com,escurlocke,KHnfjNEFYG
aandrewarthaf@wisc.edu,wthomblesonf,tsZqGd9
pphillipsg@tripod.com,nleleug,kzaEB016w0
phogginsh@bbb.org,dtrengroveh,35xq00RnR
ldeverelli@arstechnica.com,aocurneeni,OP6MrIDk8AjX
tcarnowj@mediafire.com,ssimminsj,cLbO7R
blarcherk@virginia.edu,sspurdlek,NcDOOKjZ
galdrichl@youku.com,rnorcliffl,e6kxHTY
gkenefordem@blogger.com,dbachem,K4fRTKvyZ
hkiddn@omniture.com,skubicekn,l3MdeL
dbrideauo@kickstarter.com,cpendero,Y37rt5
kmatysiakp@feedburner.com,mambrosinip,vbESA2NJXivw
hwrighthamq@dagondesign.com,dhebblewaiteq,aqfZJwOfTwE
rjarretter@fda.gov,ehawkinr,gUjQFB6wlv
hchapiers@craigslist.org,ajiraceks,kMDAOPavjzpr
mtrinemant@newyorker.com,ltallacht,vY4uAawIQ
krisebareru@hugedomains.com,gdavidovitzu,ugeONob3QhF
ejanowiczv@homestead.com,meverilv,bpjA1VwlNl
dmulryanw@nhs.uk,abatropw,aA9BlZ1bm
adenizetx@apple.com,smuzzillox,RXtyycs8awO
bflucksy@discuz.net,froggery,77qeCAo9oY
mbonafacinoz@xrea.com,mshrigleyz,safuBSlI
dshaudfurth10@economist.com,dkydde10,U6CRIx
elangston11@xinhuanet.com,mstoute11,uovA1yvvn
lfreyne12@cyberchimps.com,avayne12,rlScQa7L
pglancy13@imageshack.us,mhugonin13,nPcgev0r4YI8
jfranklin14@godaddy.com,fbraddick14,ETdvfrlvu
eprangnell15@xrea.com,mcoad15,pF1F37I6b
bshannon16@dot.gov,hcooksey16,T5uCVY5T
pwaggatt17@admin.ch,thiggen17,Lwp65onDM
fmattis18@blinklist.com,csarjant18,7vCBOCue6rY
bclyde19@berkeley.edu,pholsey19,OuvWyle
nguilliatt1a@thetimes.co.uk,icrisp1a,b7mYonXM3
rdanneil1b@hhs.gov,wqueyeiro1b,OUG3IIZg
rhalligan1c@clickbank.net,hjerzykiewicz1c,q9YXCJ4V3
ymacshirrie1d@amazonaws.com,bauguste1d,Cbpt1F
aockenden1e@people.com.cn,kaish1e,umlKqTm
bdavidsen1f@usa.gov,rtresise1f,vDMvO3UgX86b
cemmot1g@pen.io,lgrebert1g,avyuH4
snorthcliffe1h@mozilla.com,lstanner1h,pCq3gm3aS00
colyff1i@springer.com,gsetch1i,XEwfKhLRobS5
sspurrier1j@gnu.org,tsleigh1j,KqQ6VsSE8lK
rbachnic1k@nsw.gov.au,mvermer1k,PlScx5nxa
aiwaszkiewicz1l@goo.ne.jp,vwoodnutt1l,oxesaJvXf
ejose1m@opera.com,skittle1m,yzkNzq8KqEqp
agossling1n@dropbox.com,kdumphreys1n,0CUOMXP2
ibon1o@ucoz.com,mkeig1o,ObPx6C4lZIZQ
hwragge1p@mit.edu,cpawlik1p,9LBod9v
kclynman1q@gravatar.com,rkubicki1q,6PYFnJbj
psloegrave1r@tmall.com,bmcroberts1r,rQILFV660M
rredwing1s@aol.com,alipprose1s,mAQYOeg0tGaE
dzorro1t@wikia.com,mbenham1t,RPJft9msLKI
etippin1u@pcworld.com,dloxton1u,Gsi06Txow
ltessington1v@prlog.org,lfruish1v,fZ1lTMHI8HZ6
mhenkens1w@bing.com,kredmire1w,IargPj
amackey1x@vistaprint.com,ekarlowicz1x,0ahWykmoIw
vclacey1y@thetimes.co.uk,bslorance1y,k3uozcY84R9d
jhesser1z@comsenz.com,pvaldes1z,PW5QGkbea
pwitling20@wordpress.org,egissop20,I6fdzQsomE
gwestwood21@sitemeter.com,cforlong21,FzzTvnJBU9
eringsell22@microsoft.com,ascrooby22,3DuVpEyNHa18
gmccrisken23@arizona.edu,pdukes23,9Jz3sW
hpappi24@ted.com,arawdall24,rnvdsG2wfU1
mcanham25@intel.com,mhordell25,85uoe3HI
iderrington26@mozilla.org,idenziloe26,jMBim5B0FwP
ashakelade27@sun.com,rmilner27,fCJsxfOjn3TN
bmonan28@jalbum.net,mbonn28,QJVBkr44M5M
rmcaloren29@tuttocitta.it,weliesco29,kErHjkceqdtG
mpetren2a@wp.com,rpowrie2a,eXrXfULC
hocorren2b@com.com,tjelleman2b,3nWZxc
adomke2c@unc.edu,sverduin2c,82r1DKA0bNzZ
lcheltnam2d@oakley.com,adacre2d,DN6RUva53
fcescot2e@google.es,npoznanski2e,nx0TSGoMy
bcrone2f@quantcast.com,nheeney2f,o11LcPT2IE0
mmaps2g@prlog.org,asayce2g,6RRL2d
laxtens2h@facebook.com,ldowrey2h,qodhyV8fR
apurrington2i@histats.com,ewebermann2i,dSgjfqcUh
dgue2j@sakura.ne.jp,fpounsett2j,a0yzO0XN9e
sthickett2k@ask.com,mterese2k,Cddurmk
mcary2l@booking.com,thaylands2l,zpl2UlR6cPT
dedon2m@digg.com,aedwick2m,9gBJqt5X1U
dlawlee2n@slideshare.net,alampe2n,EosIa0v8P
tdenacamp2o@psu.edu,ojankovic2o,vIt03dINu
jduester2p@businesswire.com,ncousans2p,nczbyj
mvandalen2q@seattletimes.com,kmaciejewski2q,7s4Ap1z4
jpettersen2r@adobe.com,tchilles2r,MMYeMnt5f0a
ncalderon2s@cargocollective.com,bkunz2s,XtBrlZFZnQ20
acrossman2t@timesonline.co.uk,lshilstone2t,qcTGILwGj
blifton2u@illinois.edu,kgurdon2u,tuDLuB7ME0DK
bfullegar2v@dropbox.com,vcouvert2v,7rVdf9d3F9x
cpechell2w@elpais.com,ebartens2w,XDGZqnxf
hgresswood2x@gov.uk,kbarford2x,713D07Xks
wsterzaker2y@wikimedia.org,hhoudhury2y,l89q2nWygyDl
rrabb2z@dion.ne.jp,wwraighte2z,iVnx89QnNPD
dduns30@webeden.co.uk,dyankov30,qHQL1xr2kh
dpeschka31@plala.or.jp,dbwye31,NHfuMBg7d
tstreather32@baidu.com,cmclevie32,OhCy9i
mdebiasio33@tuttocitta.it,mmcneigh33,xxZXfyHG
sbenezet34@cbsnews.com,loreagan34,KtLVHNsaO
scomberbach35@nyu.edu,tklishin35,VPKRoo7V
rjiggen36@hugedomains.com,agearing36,Vs1jUowxX1u
vhanrott37@dailymail.co.uk,dgouldie37,ER6w7GXn
cfantonetti38@blogtalkradio.com,ngorusso38,SK1Hfq
hgian39@craigslist.org,bgehring39,VQ00h03A2
labrahmson3a@zdnet.com,edyer3a,4ARad8tbbc
sgeorgiades3b@linkedin.com,helldred3b,Bkj2SGjrC
cmain3c@theguardian.com,kleuren3c,QQHDr3
kleftwich3d@gizmodo.com,males3d,KvWNqiyiRzhy
rshephard3e@reference.com,gmosdell3e,QpsQRJbVakhE
ibartoszewicz3f@constantcontact.com,aeyrl3f,wMOrstDFem
ndarnbrook3g@unesco.org,cclaeskens3g,wGUKY36pliwl
fmenilove3h@pagesperso-orange.fr,kcaveau3h,7Ia69Eold5
mslowgrave3i@youtu.be,mpolfer3i,XFLeHDePIiQs
lbolduc3j@fc2.com,jsenogles3j,VViV1IB
ckorous3k@biglobe.ne.jp,khanwright3k,KO5zvFpy
storrance3l@people.com.cn,mraggett3l,4MSZn3oD1MT
mscutchin3m@youku.com,dflipek3m,Iwgb2z
cpeasby3n@narod.ru,eperrins3n,OpwmG5fAs
anucci3o@forbes.com,oguirau3o,8F9q91Be
dvondruska3p@mashable.com,kbransdon3p,WwIp1CBJrv0
dalvarado3q@mail.ru,garnaut3q,2sygWL7nz0ZT
ahurd3r@patch.com,tginnally3r,hqg4yNmr
asmowton3s@nydailynews.com,pdudenie3s,EZwxVI8JO
pwoodwind3t@dailymail.co.uk,ralps3t,53JG0jw98
nclubley3u@ox.ac.uk,fcavnor3u,sJriBV
astolworthy3v@plala.or.jp,bwadly3v,jLsjSouI
owilse3w@nih.gov,lmacpake3w,z2Og8R
lroseveare3x@blog.com,fvickar3x,wSy8VfVmFE4Z
hbowskill3y@admin.ch,crenad3y,8AL5Mf
floughton3z@nymag.com,cchimienti3z,sGTuoeM56Wv
nluther40@icio.us,idelbergue40,j6VGNQKSzj
rtinkler41@google.com.au,agummory41,nJot1On80UJ
vgrinov42@msu.edu,gstarmer42,mFM9JWFjkURJ
iarnaudon43@state.gov,jcamilleri43,PGmp9NZxg
sholbury44@bbc.co.uk,jbeagen44,rNw4rb
lvarah45@mediafire.com,hgrunson45,3NXdCCYHf
fbog46@paginegialle.it,bhatley46,oeCNlZLHD
fdewitt47@arizona.edu,clambswood47,M9U5C4LVEZc
rchinery48@gmpg.org,mkegan48,mgszpq
djakoubek49@hugedomains.com,pchavez49,VGI7Z4n8p
ghowell4a@hugedomains.com,jmarland4a,IXTbgN
abucksey4b@microsoft.com,cbaskerfield4b,jFpSuBWjk
kbiaggetti4c@smugmug.com,cgurner4c,Rad6Z9F9xN
bgoneau4d@mail.ru,smccart4d,MYWT54p
sbachs4e@japanpost.jp,emerrick4e,4DJvwPBeF6lx
gbeacom4f@youtube.com,abucke4f,Zh6lTLDL1qh
sbogace4g@g.co,rosgar4g,wPV9MG
bchristofor4h@rambler.ru,igoodhew4h,lLz5kcY22
sjolley4i@pcworld.com,htacey4i,3fdkT7
pkillingbeck4j@yellowpages.com,lannand4j,EvuI0bxrj
gmoy4k@mediafire.com,lcretney4k,P9ehbWPf2cz
btooker4l@jalbum.net,wsacco4l,nPU9TzoHrrRr
ccholwell4m@sfgate.com,ljoannic4m,B6lt8sSCWG2
cgreeve4n@fc2.com,ncleghorn4n,LFTmOkN
bpaschek4o@ustream.tv,gmyers4o,AGRnpSbeT9
ameeson4p@marriott.com,fjansey4p,9v87lSYAL
bkeaveny4q@psu.edu,cpersich4q,h8vX2100t
bpagden4r@nba.com,ckochel4r,BwOXKjOB
bstrover4s@sciencedirect.com,cmulderrig4s,YgxZRLyyJS
edrinnan4t@unesco.org,mmackaig4t,J5jk67IPHE
hwinear4u@sohu.com,dreichhardt4u,dJN17Wac6p
slenoir4v@unesco.org,alebourn4v,XWf5bB5g
mgerren4w@elegantthemes.com,ekitley4w,Jvca9yzkytU
lsloley4x@zdnet.com,csnowball4x,bZl12fvZytat
khuebner4y@livejournal.com,mforan4y,krSUL7g
xpisculli4z@sogou.com,rstirrup4z,FFkKBRu
lgrumley50@deliciousdays.com,ycoplestone50,fdeqBGbgza
jmohammad51@google.ca,amapledorum51,2XFwaUUTinJl
mvyvyan52@bloglovin.com,enapper52,uETmnfmi51
jkeel53@opera.com,atourmell53,ReCLVb2
xoliffe54@aboutads.info,pgrewcock54,f7p37HAiLI
fmatthew55@instagram.com,haldwick55,8eRf8ezIG4
ameechan56@amazon.com,cambrois56,uKQsrLA
ngirodin57@youtube.com,dvobes57,CHqMlKKk
foxley58@shinystat.com,hmcvey58,r1U3cxyf
odrable59@themeforest.net,asmallsman59,5cWFCNVp8
cmouton5a@scientificamerican.com,ncroce5a,70bV6tAFBPIQ
cdarcy5b@ustream.tv,rfellowes5b,VWW4YdowTKkY
callaway5c@naver.com,prudwell5c,g4cMN6PJD8i
neslie5d@omniture.com,btilberry5d,tMkHTzu
jmedland5e@networkadvertising.org,eburr5e,wzbq8vLEhnfL
nwitnall5f@furl.net,dgrima5f,3JHbQk7bnc
rgrindle5g@wp.com,amoroney5g,XVbn6cE
ascamwell5h@51.la,fjohnikin5h,SwqHxIVg
lridsdale5i@elpais.com,ekembley5i,UKaeCnL
dlilley5j@sciencedaily.com,smosedill5j,l4cU3RsBx8
aparmiter5k@salon.com,ttewkesberry5k,y5Q2Qit0x6
wportwaine5l@wikimedia.org,egreen5l,yAbNwSn8lHe
nbum5m@about.com,rvyel5m,paWtyQ
vtonkinson5n@netvibes.com,hdevennie5n,X9szFF3dqEZi
acoat5o@techcrunch.com,bthackston5o,ehl9MKaiUM
ainkster5p@geocities.com,amayze5p,iOB61ycYHZ8f
smaldin5q@dyndns.org,hgres5q,sarANG
sandriveaux5r@geocities.jp,etunmore5r,kXUeBJ
hmckelvey5s@ask.com,tummfrey5s,rfQmhe79Z
rporkiss5t@prlog.org,hkingett5t,M9tHFudw5v
dburnside5u@imgur.com,bpyne5u,07EfKdAoNS
targontt5v@usa.gov,cwildbore5v,Wqvw073
dhackleton5w@tinyurl.com,lfair5w,AzqhSWhjY
mstuehmeier5x@seattletimes.com,kbrok5x,7wdGKO9APx
mhutchison5y@apache.org,rsurmeir5y,nryEy7
bdawney5z@bravesites.com,kconing5z,q0f7wEJGL0k
kkinloch60@tamu.edu,emaccauley60,9hAi36AMW4
cfeldberger61@eventbrite.com,gproffer61,jyHBhl
bberceros62@buzzfeed.com,bhayworth62,sNJZ9yi
vtreadger63@ask.com,ydodsley63,1okStylzjJwB
srundall64@comcast.net,abutner64,ed5srm4Bv9
sferrario65@bing.com,lpyer65,j8qm3P7f0lL
gtilt66@berkeley.edu,fdeverehunt66,2ZNhOxCiJx
jwhisker67@fema.gov,sgoatman67,rAPdOSlp
horam68@spiegel.de,bfieldsend68,QA0Kxa0jI
nedds69@msu.edu,ehevner69,49D2qCAgDCj
clyburn6a@virginia.edu,pholton6a,3XjFZNX3P2Qd
mbelvin6b@imgur.com,mjeffreys6b,8UeU4KOO1DNr
hsilbersak6c@list-manage.com,bchasmoor6c,Pcs44jyP
kyarranton6d@usnews.com,rdoonican6d,ynyJhMbzzuA4
odudeney6e@businessweek.com,fmullin6e,b6g9cJweoyG
gbroadis6f@wired.com,vpeacher6f,axivVrpogD
kedbrooke6g@fastcompany.com,ijozsika6g,yctgfqJ9fyL
wbuttrey6h@reuters.com,emanjin6h,ldaAfhj8
cjickles6i@dagondesign.com,jbrellin6i,vzMFVyoFIV
sstroobant6j@wired.com,lrekes6j,jr6vqm3N95MQ
flefranc6k@nature.com,ugorvette6k,uPsbFEFIfy
aradwell6l@comsenz.com,mamanger6l,xjkBDqo
ehirsch6m@rediff.com,swesley6m,xNaOT1ZeFG
tsuggate6n@sakura.ne.jp,nscarsbrick6n,ztQlrv9M
grewbottom6o@wikia.com,dfargie6o,aFvNhRlU5R6s
lkepling6p@de.vu,ldanton6p,xzL8udc
sridout6q@usda.gov,kdincey6q,Ge2DoExku
rtaylot6r@theglobeandmail.com,wfernan6r,GbBm18y
ozahor6s@hatena.ne.jp,dsanday6s,jh8Du0vs
csturrock6t@wiley.com,jyounghusband6t,gKBbHG0g1d8v
awilacot6u@quantcast.com,svarrow6u,ufKEUOM1N
lopy6v@comcast.net,bitzkovsky6v,7oiHBI3
lleadley6w@edublogs.org,kcaldero6w,D3QzdcZP
klynnitt6x@bloomberg.com,dmapplebeck6x,STVvtrJR
peamer6y@oaic.gov.au,dlax6y,LQSUQOLp
lscruton6z@china.com.cn,sgrime6z,UpDH7m
rletch70@ucla.edu,cjamieson70,pPi24A
ddunn71@craigslist.org,hmidford71,BpwDxPW
dziemecki72@youku.com,mslides72,rFEl5wlY
gfentem73@phoca.cz,dyate73,Qw5Z7O8
swilliscroft74@chronoengine.com,gweyman74,nFyMoYT
jsoutherden75@fotki.com,npinnock75,88JBts
wdallison76@businessweek.com,xtamblingson76,G5KEts7XwK
ssealand77@1688.com,cpautard77,kyZl2UcXNL
agarnall78@com.com,cjerschke78,nFECSpDD
eseawell79@msu.edu,klomath79,jVOulL00uouS
mdesport7a@canalblog.com,cmatthias7a,VQT8IfYc
ekhan7b@chronoengine.com,ccurreen7b,gvryLu
gkohen7c@aol.com,abulcroft7c,Y4ioubsCFz
knarraway7d@amazon.co.uk,esteven7d,rflZ8Wgo
rderby7e@ehow.com,bfoulkes7e,k0jSlqyL1eWF
songin7f@blogtalkradio.com,gfoukx7f,h5QspixrSg
khagart7g@studiopress.com,maslott7g,w6blQMHI2CEx
kborham7h@google.nl,ndaniely7h,FTFkwckKeIhQ
tkybird7i@theatlantic.com,lbartolini7i,vo3Xet3
plawrenson7j@wp.com,blivick7j,rkMOA1dhT2
fwhate7k@shareasale.com,kward7k,1pbqQjNr
lsurr7l@omniture.com,csomerfield7l,DrDGGLB
emacilory7m@canalblog.com,mphilps7m,viuyurVXWo
rpinock7n@spiegel.de,bwillsmore7n,PsQ29Jp
fcrass7o@gmpg.org,cgeering7o,S4HseAjYs
aburde7p@ycombinator.com,echaddock7p,OutjGiI
tcowp7q@ucla.edu,kalleburton7q,EfmR0lT5
fmarch7r@vistaprint.com,mjumont7r,mJ4XaUn
ntibald7s@timesonline.co.uk,rlongmaid7s,c9zfysUyv4S
asaffran7t@google.de,cburdytt7t,Rtqu2U6
cfuller7u@reddit.com,gandreucci7u,e0ehN9Bxonr
bcaldecot7v@youku.com,eskryne7v,8ImSeN
jplacide7w@gizmodo.com,dcastagnone7w,e7lflEBsXPKt
coshea7x@bbc.co.uk,rgoldberg7x,UjVWDizVN0l
mgottelier7y@opensource.org,emewitt7y,knTe2B8P
jgilderoy7z@amazon.de,lrousby7z,ScutMr8es4A
rkliesl80@fema.gov,taubert80,P21NyfM7wCgM
bblanning81@dagondesign.com,kquerrard81,oj70UnHK
mlarmuth82@indiegogo.com,civett82,CNIxLcdJg
gswatland83@yellowpages.com,eallone83,Nb8cp2
rnewstead84@g.co,cgaudin84,f4TEtt4J1ZL
sbraizier85@tumblr.com,elenoir85,Z1TatB5P
oaspital86@purevolume.com,shaslewood86,H4AxE2Ojye
cmcinnerny87@bigcartel.com,gbrucker87,XDDqM9FID
qjoss88@addtoany.com,rmagauran88,Fn4NeU
oduffitt89@imageshack.us,dkember89,whlpQaL
ckyncl8a@unicef.org,jnutbeem8a,fI5meFPe8S
vmcsarry8b@google.com.au,ggant8b,FiDMtZtm
sgreenin8c@opensource.org,fgriston8c,rHiSiDRZq9f
eturbat8d@linkedin.com,gfoulis8d,vXJjIAiPY
lmachostie8e@utexas.edu,aduplain8e,krpy63TW2
mcliburn8f@booking.com,elightwood8f,xxUDkVzATi
bmosedall8g@multiply.com,jplunkett8g,DDeY2I
nmonelli8h@patch.com,bgarlee8h,C1gl1Nf5OA
afitzharris8i@ft.com,gmasic8i,k6FfAhrrmRbZ
opressman8j@ow.ly,vthornham8j,Yr3rmXTNEqb
csapseed8k@topsy.com,hrozanski8k,2u7X87G
mparmiter8l@cdc.gov,jpolo8l,vUx3s5Ciis
slosselyong8m@seattletimes.com,gpurchall8m,ZlOiJC
brannigan8n@soup.io,ndrinkhall8n,yOGrnhsdrgCM
vbanishevitz8o@census.gov,drichardt8o,4GSMQrDTO
bireland8p@upenn.edu,kelms8p,Z119q0AUiEf
tmcgorley8q@shutterfly.com,llindmark8q,Lv1ybVyddzZa
cenefer8r@1und1.de,eridge8r,fgdsiVci
zdrane8s@comcast.net,bdankov8s,gpzQf6I9PdwH
rabatelli8t@cisco.com,mledgeway8t,BjSWShm7mtp2
asackett8u@ibm.com,mbirtley8u,F2dwl4OuNvcb
mcutten8v@photobucket.com,bmyrkus8v,khZuLzcrQNJ
cmogie8w@nsw.gov.au,htidbold8w,YBWSlTEI8hIe
middenden8x@phoca.cz,sioselevich8x,a2D9TC
kchrichton8y@gravatar.com,alaven8y,uqMovFZ4eaE
epagel8z@linkedin.com,cgaggen8z,gCLcFlMp
ayves90@forbes.com,fsimonato90,TyYtFc
ghampshire91@ustream.tv,kleeds91,TStUvdVv
hbenedit92@pinterest.com,vplumm92,cvAU20GCjJIb
gwarby93@example.com,tvarne93,CyqjmDBikPF
dkillingsworth94@360.cn,sfayer94,TWz8PADu7VO
closeke95@imgur.com,jlathleiff95,3wc6MlIm
nschoular96@purevolume.com,amafham96,fnWcQEgzKwH
nbowart97@cnbc.com,atrinke97,4zy554H
pmacdonell98@studiopress.com,vgreenly98,dDcCDXx
blattey99@hc360.com,iellaway99,x4rtHIxVtEL
hscopyn9a@soup.io,tsalzberger9a,fpfZmuihC
mgrealish9b@naver.com,apigford9b,rn6OxU9
gbubear9c@icio.us,shance9c,cX5fQ24HZ5
rgleader9d@cmu.edu,aroslen9d,v00LV5
mkeilloh9e@discuz.net,cstodhart9e,538SJItU
khuckster9f@paginegialle.it,evanderbrug9f,FuDVnU8ISYSN
cclaricoates9g@meetup.com,jnarducci9g,r9PQYmW
nshoppee9h@trellian.com,rpossa9h,ixt8LLgE
madrain9i@ucoz.ru,vblazevic9i,0x9Ib8JZEZ
prushbrook9j@fema.gov,jocullinane9j,yj1BHkAn4lE
gbeiderbeck9k@stumbleupon.com,jramme9k,OVmepNhkK
nslatcher9l@ocn.ne.jp,jbeetham9l,1pKmq8
edurram9m@xing.com,bguyot9m,IJonEQpU6l
hmirfin9n@theglobeandmail.com,imeffin9n,70CizMf5
awroughton9o@admin.ch,rwegenen9o,2DGcjFv
adevonshire9p@pcworld.com,lager9p,TL7uwivK
dbedburrow9q@phpbb.com,koakwood9q,5bETMd
gickowics9r@geocities.com,emaykin9r,QcJfmQ1jNdQ
csharple9s@illinois.edu,lumpleby9s,faIaEFYYb
gspandley9t@creativecommons.org,rgunton9t,tSgxjzg
etailby9u@is.gd,pkristof9u,Q2HCIDolBE2y
bleivers9v@umich.edu,apenhallurick9v,vSKNKpz
ldaubeny9w@wikimedia.org,vdumberell9w,dV4QMgp0
nbeney9x@google.de,amaypes9x,UgGxxOS0S
talhirsi9y@patch.com,zslobom9y,OVaQq8Rh
kkurton9z@goo.gl,anewlands9z,Dixvaa
thoudmonta0@clickbank.net,bkrinksa0,buVqgzc3B
asandersona1@symantec.com,cgallera1,GCyf1SouPxk
mspenceleya2@diigo.com,apickavera2,sp58avP8wZ
rcraighilla3@photobucket.com,fdalesa3,zfalYzxf
blavellea4@hao123.com,ngadsbya4,01QID7SyRRv
bwysomea5@google.nl,kwaythinga5,xTfrxRPWkYc
bleggina6@mtv.com,kpendrigha6,dJUBBVk5
ucabblea7@sciencedaily.com,psongista7,AOIcTYWwct
cleasa8@wikispaces.com,eaggusa8,pXlXs1NKIL
cvoelkera9@51.la,jkeya9,g81kUJ
ooconnelaa@ebay.com,wrelfeaa,4D75LlhPzI9F
ttrumpab@rediff.com,nbraitlingab,Sgp2vuA
opretoriusac@scribd.com,lnuttac,L8cnVuzRtjs
ckolakad@infoseek.co.jp,csarllad,UDHmbXeUOFk
ubeacomae@webnode.com,gpietae,iuhQdFq
dkienleinaf@dropbox.com,tstuckfordaf,VG5ssT4zgDo
jmacconnellag@cdbaby.com,rsylvesterag,NGlEqrPeCwN
kgammonah@is.gd,lsiaskowskiah,H1RKzAIP1dkl
pmottoai@wikispaces.com,avalaai,5RR5ODkci
sdeinhardtaj@boston.com,eroddieaj,HUggVZeElT
tmerrettak@i2i.jp,skildeaak,QVSRGt89K
wsamperal@disqus.com,lchanningal,ZW6BZKuF
npriddeyam@moonfruit.com,sbenkaam,ZR7gIz
kmuddimeran@privacy.gov.au,ccoombsan,o5zR3vh3WV
emaybeyao@prweb.com,dspencookao,hlNKZ5j
ethomassonap@squarespace.com,gbatchelorap,lolEJXiPkL
ftuilleraq@youku.com,ksoreauaq,0QmhCjo0ujD
mclearsar@npr.org,mconnuear,vg7Y2Dirt
bgeakeas@salon.com,kregusas,2KquyuOpr
sdunphieat@nature.com,smcgraeat,tjafqo
tmichurinau@bloglovin.com,bcogginsau,uB3HYG7Fq7Ix
cshieldonav@blogspot.com,zdominguezav,go6quL
wabelaaw@deliciousdays.com,dvairowaw,QdS6eMBhWMgc
mjerattax@phoca.cz,rhealingsax,5cCmVIo6YUuN
wcoffeltay@wired.com,elefevreay,c38uAk91
kpembertonaz@nbcnews.com,nblackieaz,XsOLx7
fsouthwellb0@europa.eu,egemeaub0,5160r4
croughb1@facebook.com,sscholesb1,e9Mtm9GTLJW
gpiattib2@skype.com,sreinbechb2,snzhh9
nmaileyb3@soup.io,kmcausleneb3,OOe8bXXu2
slonerganb4@feedburner.com,dveschambreb4,ny2STNQOuSyA
rbrugmanb5@imgur.com,pjendrickeb5,RkwiLrvO
adebenhamb6@wunderground.com,asabinb6,o9Yi4VtVEe
rcrosfieldb7@woothemes.com,kstjohnb7,fkcuPMvK
bivashnyovb8@amazon.de,oalywinb8,1rSd5R
bdarreeb9@arizona.edu,hdietonb9,0TnaNM
lcasolba@gravatar.com,sbrunrothba,YGyUdu9sdmd
dbrearleybb@columbia.edu,vhinksenbb,4qIOAgpFvdZs
rspinnacebc@mysql.com,meltringhambc,WIlGNKvt
jargonttbd@yale.edu,fneillansbd,dXtD1gp
jheartfieldbe@symantec.com,jjosephsenbe,dlfOS0K
csiccombebf@vk.com,rshuttellbf,A42DjZZ
doneillbg@i2i.jp,hturnerbg,dsUIlbMhBT
dvasichevbh@shutterfly.com,lhinnersbh,eKIYPjf
coveringtonbi@odnoklassniki.ru,btommasuzzibi,79qcdXhx
ralflattbj@gmpg.org,rreedbj,rx9SaCA4Ry7K
avreedebk@histats.com,dranyardbk,OMXIa03
aphillcoxbl@tripadvisor.com,valbertsbl,JnoEPtct2T
btraskbm@sfgate.com,vvanyutinbm,8BYM1XF4pT
crowdellbn@ihg.com,lgiddinsbn,VjMDrBG73
ncurnokkbo@friendfeed.com,cformoybo,yJ4M41Ba
njobesbp@sakura.ne.jp,cferronebp,H7EtE9PSGria
kbillingsbq@cbslocal.com,hdumberrillbq,y5Qu3y
bcravenbr@sciencedirect.com,pafonsobr,zUsNrf
tvaldesbs@nature.com,bbarlesbs,hnPy4ITfwel
kstannersbt@yellowbook.com,pculleybt,uWn7ZfSbyM
gbramallbu@imageshack.us,ltissellbu,1lFoq6y8
rmanuellibv@hhs.gov,fsimanekbv,Y0aCtr
ghutchinbw@slideshare.net,ghabbijambw,UlVxdyCjiGt
vtschirschkybx@twitpic.com,gcaseribx,5ofDul
khouldinby@shop-pro.jp,sjendasby,Q51bnn4Nb
talastairbz@wsj.com,fbadrickbz,W0DDHBT
mwhittersc0@nbcnews.com,gbenedyktowiczc0,NFHA4VZqddbE
rwildgoosec1@wsj.com,csabbatierc1,9BUUTse
ntremainec2@ameblo.jp,etansleyc2,kr4tYR
ysurmeirc3@ifeng.com,olampkinc3,h4CKKT
rtomasinoc4@reuters.com,cfashionc4,pR2ilk
fferroc5@who.int,eelietc5,y6SJr8
gyeolandc6@ebay.co.uk,dblachfordc6,ZnRT9IN
aknollesgreenc7@nymag.com,lgoldthorpc7,bCDckGhah
wdibiaggic8@smugmug.com,mwimpeyc8,inxECRzcRn90
ttreagustc9@princeton.edu,dbutterwickc9,kySFAlfD
ggrishaginca@wired.com,talekseicikca,tyW9y6WM
nnewickcb@ask.com,bcaffertycb,a2RRgVIm
gendoncc@army.mil,apennetticc,vYZIj8FX
cswyercd@theglobeandmail.com,somearacd,0K5O3TWj
tcrightonce@twitter.com,aclandillonce,lhCYzyoEl
elambertcf@livejournal.com,tliggettcf,0zyeXerVknF
bcolstoncg@apple.com,drubinovitschcg,zD1cE0c
mmcdonnellch@yandex.ru,rteressech,uRBZsNRsbcLn
bradleyci@ox.ac.uk,gkerrichci,XksCLB
rmonkhousecj@cbslocal.com,bdanskencj,Vjh51dBixHP
rrawesck@blog.com,dbentameck,w6I2aLcCEDln
zcakescl@goodreads.com,gbawdoncl,0sNgSgxziIJ3
amoniercm@cisco.com,slarriecm,IhsrpIHMn
agullefordcn@gravatar.com,challibonecn,WaQhhK7d90sW
cbleasco@wsj.com,smaddenco,J3FaqY9ITHpK
lsweetenhamcp@prweb.com,ctippingscp,mCJYXqSj
sleborgnecq@ifeng.com,hairescq,IjKxMjn
dbroseniuscr@independent.co.uk,jspallscr,Jv2MHndtwU
aschollickcs@ucoz.com,amityakovcs,ZcHN1cDwf
cgodardct@nytimes.com,ocoppledikect,rvdp2AVJO
dpaintaincu@redcross.org,krhoadescu,KfeqdAm9yQ01
chalbordcv@indiegogo.com,lcasescv,1murh0zBFF9u
adennistoncw@tumblr.com,tbrecknallcw,WeFTxaBolb
dlawfullcx@bloglovin.com,ilourenscx,rq3kz04fTiD
mvittorecy@mysql.com,gabbotsoncy,OuiHgli
kdykinscz@youku.com,wrelfcz,B3FCZVmkfqHD
parthargd0@google.de,rordemannd0,dQrx93WmkjS
cgianinottid1@ucoz.com,kpalatinod1,GMRT4Msw3
btwellsd2@zimbio.com,lelgeyd2,UgQYPbVZw
ophetted3@blogtalkradio.com,vlanghorned3,h03DaukUKR2w
lraped4@mayoclinic.com,rderechterd4,ZMt3nzXBCYM
rfindlaterd5@wufoo.com,dparidged5,v4yB5hqouwPq
lshakesbyed6@independent.co.uk,srosellinid6,vStsHioa
vkleintd7@hibu.com,acarruthersd7,1ywWFHsVI
mmardlingd8@yandex.ru,ccranidged8,Xla78kvRC
istearsd9@tumblr.com,amacalessd9,KrQbvJjARAV
nstevensda@xrea.com,jwilfordda,sgehUsrjA3
ibrewsterdb@surveymonkey.com,ckynvindb,SswYciI
mbustdc@miibeian.gov.cn,ksedgwickdc,seTngxZ477jR
gyorkedd@booking.com,cstandingdd,sGl6ri4uAbP5
lcoppinsde@mtv.com,chyronsde,FEoE6jUKaalp
jcockarilldf@mail.ru,jknellendf,26JZlqob7anw
cpannamandg@ning.com,praymonddg,Em7XI3
nheeneydh@squarespace.com,pdenydh,wbhFx7
dbernhardtdi@epa.gov,jarnowiczdi,tjwDwB8Bi
bdelanydj@bbb.org,knewtowndj,hCnFt5
jcarwithandk@desdev.cn,pbiermatowiczdk,QyQjt3SdpA2
bsimkovichdl@1und1.de,fsansdl,kHgnLF2
ifoggdm@nhs.uk,olambournedm,rZiqHWlGmYM
kselwooddn@jiathis.com,fwoolastondn,ejTNVL2kkHtX
swhymando@1und1.de,tbentkedo,HipPr7BQ
vbonsuldp@ucsd.edu,kharkerdp,MYxUUHV30BNl
ydrewcliftondq@live.com,mshakesbyedq,6Rakn7QkM41
jpenkethdr@amazon.de,aoiseaudr,rHGMEeLJfTs
kshortcliffeds@java.com,jseeds,pE1MUGK
lchaperlingdt@freewebs.com,enanninidt,qiS5ZFY
thindgedu@t.co,swinspeardu,98GsNOAEB
dvandermarkdv@facebook.com,egentzschdv,XUivVhEb6
lfaugueldw@drupal.org,mlettdw,VHwrYlDm
mdemcakdx@mapquest.com,dnormantdx,FzmrfwWgCt
njosefowiczdy@cpanel.net,cstigerdy,Ktr8CLJ
jloderdz@storify.com,cbaikedz,UnkTdb5SaAVO
rebbingse0@studiopress.com,bmaginne0,mMQba6RsZxKL
jmclarene1@com.com,jdruele1,ALSxnXU9n
pgovese2@google.es,ckimmerlinge2,82ZpvPJ
jlauderdalee3@de.vu,ntuffielde3,CxkL4xo4vMUV
mclaidene4@jimdo.com,swillgresse4,4TDY7Vgmzja
tdevilliere5@surveymonkey.com,charlowee5,7dtUxsoj
bcarratte6@moonfruit.com,nmaypese6,Eyc86rlYzkbI
dszymone7@elegantthemes.com,delese7,lOYIwel5W
imerralle8@reverbnation.com,dcullingtone8,cikeYxQS
krochee9@webs.com,lstubbee9,yoByXp2Xjzl
peagersea@theatlantic.com,gphalpea,gMBGE3pvG
pbedburroweb@fda.gov,hrustadgeeb,hysQiujqpj
fharborowec@ovh.net,nthomingaec,tjTslO
pjacquemineted@slashdot.org,mjerrolded,qsRRCXcHxT2
vcoasteree@sbwire.com,cdimitrieee,WBGTwcLDKNj
jstegersef@over-blog.com,fmendesef,DP0yIJaiB
enordasseg@csmonitor.com,rcanepeeg,tXBXbEOmHs
chowcrofteh@privacy.gov.au,jwhittenburyeh,CJ2avciqm
rkoppenei@multiply.com,mhebbornei,RvBdTGV
tbridgesej@aboutads.info,blaydonej,nB9TVdMHbTI7
dhurchek@mayoclinic.com,cmuldrewek,LrLFnZf8fB9M
bfairholmel@naver.com,ssinnockeel,PuZ61s
linnottem@army.mil,cplumridegeem,i13G0RdYX
mtownsen@whitehouse.gov,brealen,NaLZj4w
alangraneo@prweb.com,agaskelleo,PGIeCddg
eloinesep@chronoengine.com,amcteggartep,3lt7ta
dhattoeq@reverbnation.com,dcrinidgeeq,l1XwvEy
jcadyer@infoseek.co.jp,shapser,iUjpgDL6
rmurrishes@prweb.com,jstanyeres,yLvm2BKL
rsmardonet@ihg.com,singgallet,oJPNCZyfL
mhalsteadeu@ebay.co.uk,fvalasekeu,qH5sBYj
syoungloveev@bandcamp.com,gporcasev,GcmuGXiV8
kbonassew@opensource.org,clavrinovew,O06LdtJ
gsackettex@netvibes.com,jmeatonex,LhuPy5LfbL5
agluyasey@addtoany.com,pgiacoppoey,4xLjVKeT
hellicockez@cnbc.com,echarkhamez,fMcAmPDin
dpondjonesf0@msu.edu,cnuzzif0,oHvaxU8shc
bhawkesf1@alibaba.com,rconerdingf1,YaR0J22YNBC
ctranfieldf2@cloudflare.com,kjanksf2,7LCufZEPuYR
swalworchef3@tinyurl.com,tfaderf3,xSFVspqXQ
bplumsteadf4@sourceforge.net,njacsonf4,xa0n9MJHcO
mlaffranconif5@discovery.com,mwaslingf5,G6Plv03e
ecrunkhornf6@chron.com,kdegregariof6,PQeJzL
bpaxefordf7@addtoany.com,rcasierf7,OOM4XGpfrZ
sfenlonf8@harvard.edu,rdequinceyf8,4xgqzrsg8
ebocklerf9@cnn.com,lstivensf9,ZZqxS0P8Wf
gdobbynfa@wp.com,ematteuzzifa,SzggcDdY
ppartenerfb@unicef.org,cyggofb,G7iMXU3
avaadelandfc@ihg.com,ggrundeyfc,uqZI8avV1rF8
jgladdorfd@bluehost.com,kwhitlowfd,S8DqcgAQd
wcrepelfe@marriott.com,tbrelsfordfe,5VdilPuSngm
mmogenotff@theatlantic.com,bcrispinff,xJhZLb9Z
mmousefg@mit.edu,jcroutearfg,DdrJXYI
jjedrysfh@nytimes.com,arecordfh,NckfOrgah
gdutnallfi@wikia.com,wappsfi,UZMld6q
fcochetfj@reverbnation.com,ccrambiefj,7AQWJHoa
bpuviafk@google.com,imouldenfk,vX2EaV
dconwsfl@123-reg.co.uk,wdonefl,wTyydhV7e
rcockerfm@state.gov,jdevannyfm,M7rb7Jnu
edybellfn@japanpost.jp,hruprechtfn,EtMv9t
bmclainefo@scientificamerican.com,mabrahamsohnfo,ScnAhoWGUL
rionescofp@auda.org.au,msambalsfp,w1Emmr
eshaftofq@mysql.com,bpeyesfq,1pcCaev
mgiorgiofr@patch.com,ddudinfr,AMfgUA5eGLGz
cskynerfs@cocolog-nifty.com,pwhordleyfs,kccuCG
dhawfordft@sitemeter.com,ndaveleyft,nlHcFwpmU
cpfaffelfu@pinterest.com,sfranciottifu,9Add5vV09ocr
cleahairfv@admin.ch,aclenchfv,iDNmYqkTUuG
rearpfw@psu.edu,hjamiesonfw,ArMlWf0tQM
ngoodluckfx@google.ca,kelderfx,CvfL9G
wblumsonfy@google.nl,tnaglefy,TzHBmh
egoveyfz@purevolume.com,alodingfz,NpIVdTj
kleggettg0@amazon.co.uk,mmcmychemg0,Jy6w5WI9Gtx
jisbellg1@etsy.com,vpundyg1,Zgfh2fCAQt
dportalg2@is.gd,narnauding2,M935aw
strenfieldg3@addthis.com,bknudseng3,wMTBO9Zn
hstamperg4@newsvine.com,ccrowcherg4,Kd9rBzdS
suttersong5@yahoo.co.jp,abanischg5,QsBvkH0v5q
lreddg6@yale.edu,jcreevyg6,Y8gL8dyRuau
nedmonstong7@mashable.com,hcawderyg7,SwQjnRvO5HhV
cjarding8@google.cn,abawmeg8,RTrBjCHZ
lgaskarthg9@cam.ac.uk,adodridgeg9,5I5So18ukV
ngrenterga@bravesites.com,anivenga,8EqJbqI
ilaethamgb@symantec.com,kenriquesgb,bMdYOmY
jmaccartangc@oracle.com,bweallgc,cDHJH6tWY
peddowisgd@omniture.com,mdunphiegd,TDjXN5
bskevingtonge@loc.gov,wkingscotege,Okw5hSU
mdourisgf@stumbleupon.com,rbewsheagf,JG0NQvO9A
priversgg@odnoklassniki.ru,ckupisgg,f0l4isq9h4
wferentzgh@theatlantic.com,ktunegh,3Qw0gi
nspellworthgi@lulu.com,dpetegregi,FZRIM0RNbZ
dproudlovegj@uiuc.edu,ccullingj,pWKS6K39Vo
akensetgk@google.com.br,wmainstonegk,gbMni4sQfj
dhainsworthgl@opensource.org,hstubbesgl,BNhlsw86E
gwilliamgm@marriott.com,dlhommegm,Bl6yD2A4
colssongn@sourceforge.net,vbowditchgn,Iynry0n66RN
kdevittgo@virginia.edu,khammelgo,lIrC8WzPAU00
tnobletgp@com.com,dgreimgp,EEWyk3TxLpIo
rdowallgq@i2i.jp,pbraundtgq,O2IrH3LOqEzq
eferraresigr@diigo.com,imarxsengr,LhUKCScN1LM
sspendleygs@marketwatch.com,wbearnsgs,KHVss0F
gladymangt@whitehouse.gov,rokellygt,W4O0zCThr
gmchenrygu@sun.com,naceygu,gOQknDzG
cshuttlewoodgv@reddit.com,toattesgv,svbDBM
ayeendgw@xrea.com,vsopergw,ixs1SA
tmoyesgx@moonfruit.com,rjohnsongx,3KLsvRpd
gwheatmangy@statcounter.com,cpulmangy,oxebNQYzRJo6
ipratleygz@businesswire.com,eperrottetgz,1kHBVpO
dskehanh0@vinaora.com,jtitmussh0,q7i1gs
jhightownh1@ow.ly,mkornesh1,488Fqfn0bKKC
hschollickh2@dmoz.org,wrenforthh2,huhNg8C
babdieh3@senate.gov,swemesh3,bhTPIcl6
dbernakiewiczh4@illinois.edu,tgrutchfieldh4,tLcnJBUDR
smarjoramh5@amazon.de,crudwellh5,Ge8zH4ZC
nchalkeh6@auda.org.au,cdalmanh6,veyYC3
bferrash7@pen.io,adelwaterh7,cDN308xD3
fbrookzieh8@craigslist.org,bscaneh8,m4uBP3qB
vbrannonh9@feedburner.com,jgrafomh9,TsVXDIitm
slaurenzha@ox.ac.uk,ncleereha,Ola4257WMyN
gmottohb@purevolume.com,ftheodorehb,1T6Q05g
lshuttleworthhc@psu.edu,salamhc,oPslNKO
tmollisonhd@epa.gov,efahrenbachhd,8WAvVi7g
reuplatehe@about.com,lbowmanhe,LGudBZVG
aaxcelhf@biglobe.ne.jp,edomerchf,ZSrwdlQJgO
mswinhg@tinyurl.com,iraatzhg,RSQMqIm
ngabbidonhh@fc2.com,fdurringtonhh,W2yAcR3dvop
tbilletthi@wired.com,tdanhelhi,U85Qtxz1Y0m
tgaylordhj@mapquest.com,jcollopyhj,w8SXu99Fbh
gkleeshk@behance.net,mburgonhk,jSqzA2wYjeF
ftyriehl@purevolume.com,awalkeyhl,57jzu76BdXl
gbaruchhm@msu.edu,savrahamovhm,U57akEs4
ccradeyhn@illinois.edu,afairbridgehn,mUCfyPgV5CT
egrancherho@dot.gov,bcolatonho,7Go63N
kmarkovichp@eventbrite.com,hhollowhp,AGQpuGo
pbanvillehq@skyrock.com,mstandrinhq,DUzFIsGVT
hsherwinhr@over-blog.com,lmorisonhr,wS21VlQyY8NP
sbashfordhs@upenn.edu,ceasdonhs,msv3daq
ccotaht@google.ru,ccastagnetht,LsoUMnD81Cx
dfairyhu@accuweather.com,mmcnameehu,nqiD4VFuzX
khollyarhv@networksolutions.com,aenriquezhv,7IPg58lOkVO
cramblehw@hc360.com,gezzlehw,TXbNOsEo0o
cosullivanhx@guardian.co.uk,jdelveshx,7UUalWRwLeQC
hpedraccihy@friendfeed.com,afranciehy,ghUAAsuZT39S
qjurczykhz@apple.com,dharburtsonhz,fe0rmKQitwh
mzinii0@deviantart.com,vlouisi0,H57KBw
akaasmani1@parallels.com,igiampietroi1,Is2wQlv1yq07
tlenzi2@geocities.jp,wtottmani2,8wUYBgkKwA
lredholesi3@examiner.com,cbanni3,7jMrUBkGpZ
warmsdeni4@noaa.gov,mjoliffei4,gqWNbOv
rdueri5@marriott.com,cwilcocksi5,53rbmi
gkenningleyi6@feedburner.com,fwillavoysi6,bs2DzBbPPKa
rhebsoni7@mit.edu,abatchi7,kel7Ae
mmauroi8@ucoz.com,zburnitti8,Ne9a2I
sjani9@telegraph.co.uk,evestyi9,YLpKeLZwSJ
gmeadowsia@china.com.cn,afeaviouria,wCOXDYde0FPT
afrediib@youtu.be,amowbrayib,4rbJa8dvQJ
tantoniouic@nba.com,lshorbrookic,Tnvxs3puhvYT
rkinzelid@hubpages.com,ebrownleeid,fUh4NB84Imn
kburreeie@opensource.org,kgeorgeouie,ecZ6i5ulzD
hknightif@baidu.com,gjohnysif,iEYaBM
mrobiotig@domainmarket.com,spardueig,UzeL9Ggfgx
ebriggdaleih@gravatar.com,mphippih,gxsahuC8
dfussenii@macromedia.com,ceyreii,Mrmm80zs
tdeeij@china.com.cn,cpearleij,R1B8B3C2y
esaywardik@myspace.com,djewsburyik,QdcpwI
glarringtonil@pagesperso-orange.fr,wfernandezil,N5YlUl
lrowanim@flavors.me,bfedorchenkoim,gUE8aOCnQP
kmishin@skype.com,bfrauloin,cZFZim50RsQ
nchallenerio@adobe.com,sgilphillanio,Po4pDJ4cL4G
ekelbererip@twitpic.com,lcolvillip,Da5Bx1vP
swoolfootiq@washington.edu,sgritskoviq,HNBK0K
eoddir@weibo.com,wdecortir,EMjBj8bg
sbrattis@exblog.jp,jbellowsis,BFkXdy
dhuricheit@uiuc.edu,khynsonit,KQymgu
dfossittiu@baidu.com,sszachiu,xO0YfnJB3
mmaxweelliv@dell.com,gpershouseiv,NqEeUShk1
ekyddeiw@amazon.com,myitzovitziw,wElysZUun
sjosefsix@sciencedirect.com,qsmoutenix,dcIBmIKqdM
catcockiy@instagram.com,lpearneiy,G1p96XuKgx
yditeriz@fda.gov,lrowlinsoniz,PUBn9RblSK
fjendrassikj0@ebay.com,sseeksj0,mLp1xz
afigginsj1@posterous.com,nreucastlej1,SlAhUKUAFr8
rcabbellj2@networkadvertising.org,mcollingej2,lpW3WJDKU
edelacourj3@umich.edu,cdupoyj3,kwC6dEkQry
dvassbenderj4@g.co,rmellonj4,D6oLfs5BXwEI
ephearj5@hexun.com,amaloneyj5,esNOVNZYOkVP
ccoltonj6@abc.net.au,cscotfurthj6,nlOHZsyG
rstrettlej7@vinaora.com,karguilej7,APo9Gf
dgailj8@pagesperso-orange.fr,ppenrittj8,CqT64kMMQPnt
ahellwichj9@psu.edu,shancoxj9,AXnAoRIVO
sroslenja@skyrock.com,rwoodingsja,nyp0feAtp3
hbavidgejb@discovery.com,jgoodlattjb,EuLsY8yzf
kiuoriojc@huffingtonpost.com,csiggsjc,8iipBe
swillowayjd@vkontakte.ru,bmclesejd,UbIKP5IS
bstradlingje@gov.uk,ebassillje,vyKp2VR8syL
lmullarkeyjf@vimeo.com,aclewarthjf,ObNshMZDRK
pcrossthwaitejg@google.it,jtitleyjg,71iWRl
tsacklerjh@webmd.com,zfilesjh,QWSfygFp
jmacakji@mac.com,mvancasteleji,z5lbogLjSN
cjerromjj@oracle.com,bcorfieldjj,6xz1JShvD
nmarkushkinjk@telegraph.co.uk,mshalejk,m0sbdIsyL
wwipflerjl@amazon.co.uk,vholdworthjl,ro5RlQ1814
fmasdenjm@squarespace.com,gklaiserjm,YTN8awBGm6
palvesjn@pagesperso-orange.fr,lplaidejn,cTlx1noXU
lellardjo@domainmarket.com,tstonerjo,N1uZNJRzP
pkroonjp@google.de,vacklandsjp,GlJy6oqiM1
nvianjq@va.gov,bricketsjq,gGL8QHZ1
mgervaisejr@google.com.br,ghalfordjr,RYvaLOiPuS1
ggoldingjs@ebay.com,kausellojs,S98Fdo
jjablonskijt@rediff.com,skobschjt,QmJW59F1esN
mdemageardju@bigcartel.com,gjacoxju,22kTfRkxJO1
vdomangejv@wp.com,ahawjv,B91FMJfYM
blessmarejw@wordpress.com,jbrainsbyjw,ajjlTe6
oebornjx@pen.io,khaydnjx,lq49ZyfAd
kbishoppjy@google.co.uk,epeckhamjy,Uk2DnCEPxx
gjuarezjz@usa.gov,sstainingjz,cCl2ZO
smcfeek0@google.ru,vwillingalek0,5G8IyVCd
lmeggisonk1@accuweather.com,enehlsk1,elwPj0
delvyk2@linkedin.com,ggavigank2,orbGZZl
dkingsnodek3@slashdot.org,dkrugerk3,IXF0gPSNY
rhlavack4@amazon.com,bkarysk4,dpn231eDN0s
obroskek5@google.com,aboffeyk5,hn0qh7Bb42
vstonefewingsk6@artisteer.com,nimmk6,Ux0bNUzI9
jrickardsk7@twitpic.com,erufk7,Wztye3IrW0G3
bolivarik8@marketwatch.com,atapsellk8,X6Fqaz3LOwVN
epickervancek9@businessweek.com,eturneyk9,yU14ozXjj
eyendleka@lycos.com,dgreveska,7jghk58
cbaseleykb@sphinn.com,rwestleykb,3NHsY4Cki
ffranzelkc@lycos.com,mrolancekc,eX5Fsd
jbevillekd@bloglines.com,spestellkd,cdYS2Mq95MW
lcarswellke@pen.io,tknellenke,LiCUEiUxlkJ
awildsmithkf@blogger.com,caubinkf,s2xeqK9QFzHY
dkaruskg@yolasite.com,agullkg,xt8fE8fjV
elavellkh@yale.edu,pbemrosekh,FfwtCH
bbaistowki@time.com,jfawcittki,Kqilugcop
rsibthorpekj@bbc.co.uk,smatykj,98bCYeyn0
ddemschkekk@bloglovin.com,gsibunkk,sfltCsEcpvT5
bpoulgreenkl@lulu.com,gludwikiewiczkl,2qRZTdRD
mfilliskirkkm@blogs.com,ddickerkm,KVu4fAJvcI
kshewrykn@alibaba.com,jbackshallkn,CZVxgyq6DBo
egeatorko@harvard.edu,sosgerbyko,igwfEFqelXQ
kvidgenkp@ed.gov,zvargaskp,DGgY4cNc
cbrotherhoodkq@xinhuanet.com,brisbykq,9MWEk5
lgrigorushkinkr@sohu.com,mbarrowkr,C5vDOv
lblankhornks@cargocollective.com,acaskeyks,vjRwNN
khatliffekt@ow.ly,faseefkt,w2ljMODR5hKt
bvassayku@networkadvertising.org,jwillartonku,ksW2XzoTCc
ghurrykv@microsoft.com,sfeeleykv,wNmOqE4T2
socurrankw@army.mil,amatthewsonkw,qEVPl0CSwlqI
dgoldupkx@hibu.com,borrittkx,JNcoaUc
ncawseyky@senate.gov,dgoldsbyky,TOB2IJC
bwainmankz@usatoday.com,nhedgerkz,zHvH1gkY0
kalderwickl0@mail.ru,fcoganl0,kRlV9WiihR
mvinsonl1@twitpic.com,mendecottl1,QUUrye3
wingrayl2@fema.gov,mdoughertyl2,K2uluGG3WIDa
ekyncll3@t.co,acattralll3,krrD8DxOIeAL
kcristoll4@springer.com,bbruinsl4,iz4zIe
jolivellol5@archive.org,asmittounel5,61IHyXjNfy
swalkleyl6@cbslocal.com,nbennellickl6,oclaN31o
tbattershalll7@weather.com,bbaffinl7,EYckvldo
ebellowl8@wikispaces.com,achataignierl8,sn0Yh7d
handererl9@unc.edu,dlowinl9,k1NgorY46H
fvurleyla@elpais.com,jvandeveldela,bI5QJgJU
acolamlb@bigcartel.com,kmarrionlb,KXI053Jkq0vY
asoleslc@plala.or.jp,dvaggslc,ALX8O51RT
nsandercroftld@guardian.co.uk,vcarmeld,m8XshEN5fgiS
tramsierle@spiegel.de,sedmonstonele,vp8qeafg
mgoshawkelf@phpbb.com,rshelmardinelf,ttdqjMugJin
lblurtonlg@chron.com,sfissendenlg,IYH6r6tCK
gdenmanlh@constantcontact.com,lloachelh,rCmLKegU6
badamiakli@feedburner.com,varringtonli,He7T86a2KVEZ
sthomlj@spiegel.de,skildalelj,yBxQhsWK0
cguittelk@prweb.com,mcowanlk,MFF3InJw
ccaplenll@who.int,jobrianll,wvFIGh
mscrangelm@nifty.com,aofallonelm,TXSBh6qB8Pb
csmothln@hatena.ne.jp,mgrimwadeln,bAC3XoHJxv
gbustardlo@gmpg.org,lblucklo,D3wxyLgEmsSL
gthornlp@livejournal.com,gruspinelp,SNlgDR0X
egeroldilq@admin.ch,gcharnleylq,6vKGFq
dpersehouselr@noaa.gov,lboxhilllr,YKbIZQDaJYgi
sloudels@newsvine.com,tvaughtenls,bNIptC
klightowlerslt@woothemes.com,eespleylt,AA3u2D
ldamettilu@nymag.com,mendenlu,HDAHW3n
cgarfathlv@edublogs.org,slumsdainelv,Z60QaZata
rmackneylw@pcworld.com,ngrogonolw,kPTMDCVZqs
bskevingtonlx@eepurl.com,cpenningtonlx,IZEdFBE
dcolliarly@woothemes.com,smacalessly,OL3bNNOf91r
cbothielz@amazon.com,dcassiuslz,FBmITNX
amallabarm0@alexa.com,fheikkinenm0,524jpsJ
adimsdalem1@webeden.co.uk,xcanadam1,EHLvmnIHiA
gtudhopem2@sitemeter.com,havorym2,SRLmFB
tlookm3@ocn.ne.jp,crylesm3,kuLfu0sX
jwannesm4@baidu.com,cogormanm4,QvCm5f
abarkworthm5@google.com.hk,jrenekem5,rmztZcB07l
swyeldm6@examiner.com,ubugsm6,52y0PgI95FYL
ktavernerm7@posterous.com,boshielsm7,fT7SIQyInajg
athundersm8@bandcamp.com,ewaylandm8,W8tlUsDv
fizzattm9@elpais.com,splowmanm9,ZuuXfd
dbrounsellma@netvibes.com,gessamema,Q5VDhM0P
mwaldronmb@omniture.com,tkendrickmb,236YCExfwAXs
hchilversmc@va.gov,rsherwenmc,j1TYfJ0YVoBi
hmabbuttmd@dropbox.com,cfairhurstmd,F6GC7UDFuwP
pklugmanme@people.com.cn,nsimicme,Z3LwjTW2
odickmanmf@wikipedia.org,kbrushfieldmf,EF2RPR25SwwK
rtrousdellmg@myspace.com,pklessmannmg,48qe5NhIWpf
dmatthensenmh@yahoo.com,vgiacomozzomh,KyhKcDhit
aheintschmi@woothemes.com,swartersmi,TkZNU0hE11ZD
rsimminsmj@columbia.edu,rlelandemj,O9o2XPwZQF
twilkisonmk@tamu.edu,fcatleymk,8bqYjDjBjYR8
cantoniouml@discuz.net,nsatterthwaiteml,5TVqu35
chartoppmm@bbb.org,sroysonmm,ZbU87tmJVs
gpoelmn@mozilla.org,fpassmanmn,ie11R10OSF
kblackbornmo@disqus.com,alohrensenmo,La747wmdxMk
aoleszczakmp@fda.gov,kwortmanmp,aCs4YoKIAP
tstreatermq@chicagotribune.com,hlehrahanmq,4UpGf7mGY
jbartolomeazzimr@dmoz.org,hsteinormr,2POP7d
pwoolvettms@redcross.org,sspottiswoodms,4WW1yZptyVX
tlorinezmt@jugem.jp,grobothammt,xdoSTN61
ddallandermu@cnbc.com,bleishmanmu,wyqDqtEA7gUt
mcoodemv@squidoo.com,bfadianmv,SLIIWf
jgavaghanmw@nyu.edu,rbessentmw,l2X4SXT24
galmondmx@chronoengine.com,gmoodeymx,4Oim2gZo
mdesvignesmy@instagram.com,jpolinomy,VW9T1qBw0
imcilvennymz@geocities.com,cspurmanmz,gngLrqL
nneiln0@vimeo.com,ekidstonen0,fEo9hw8yz
tdelosn1@columbia.edu,hfoundsn1,nFvYzK0C
clipscomben2@accuweather.com,eblawn2,CwRyQtm
gmullanyn3@360.cn,pcrispinn3,0PeBEMn
mpepperdn4@intel.com,cdericutn4,dnH7ySGJ1vkq
brainsdenn5@yandex.ru,pmacalessn5,vr3jjqd
mpiattin6@plala.or.jp,ecapseyn6,eZOs9ZRFkKSx
randrejevicn7@paypal.com,ddurtneln7,Lt73HJ0Mj
mcleyburnn8@miibeian.gov.cn,rflemmingn8,hMAec4u
esneakern9@t-online.de,tbindinn9,lXpJE2ZuD0
mlinfordna@soup.io,mbingna,KdHaayyECBG
ccannynb@comcast.net,ahansfordnb,iDzDtL6Yvlvo
whurchnc@un.org,camburgync,AevqRGTcuKcA
nhessentalernd@indiatimes.com,cnestoruknd,9R2kjryUZd
igullne@desdev.cn,ghenkensne,0a491W
rstovinnf@yahoo.co.jp,tcardenozanf,LxBbGXm
rrissong@photobucket.com,dcrockenng,ZGabe29T
msargeauntnh@canalblog.com,jborrienh,J2TJzCvuM5T6
smeeronni@purevolume.com,probillardni,2qe6yw8Iyrjf
pcammockenj@vimeo.com,rrosevearenj,psDpMID
jshrievenk@usnews.com,sbillsonnk,cEOHNw8byO5
tcrosettonl@hao123.com,fbuncenl,ENL5OFP
jmoysenm@weibo.com,pmuckloenm,sbr8Egi
hcrimnn@biglobe.ne.jp,fwaggnn,9iXv8q2vjf
sgilderno@exblog.jp,lmonteathno,cFmFVu
bharrissnp@myspace.com,dkennaghnp,rPyINndWO
claudhamnq@t.co,wdoubravanq,pwMi6V
bmancenr@wisc.edu,aroggierinr,9aImuzYp
ecrannans@furl.net,aallansonns,b2dXetv
jscotchbrooknt@npr.org,gtowseynt,WqlhNyq
fhellsdonnu@mac.com,ddeorteganu,QfiprldvGjg
ascantleberrynv@wordpress.com,wmcgraenv,mknjp5vn9xY
gwaneknw@123-reg.co.uk,phighmannw,hLjFJQwQQ
jpedlarnx@dyndns.org,utomaininx,1JoN4d9S
sbrounsellny@ifeng.com,kadamovskyny,hk7IqapCq
lhalledenz@blogspot.com,fmanstonnz,lpXezm2
pcristofario0@uiuc.edu,cfarmaro0,FEt2LVken
cbraziero1@cargocollective.com,jollerearnshawo1,d5adbNQ2
ccardiso2@twitter.com,cmcclurgo2,XKUMbP
blinguardo3@comsenz.com,alatheyo3,kVcBajD
mcormacko4@google.de,rcrummyo4,OGoXYTI0rPL
rmcnelliso5@globo.com,mmaccorleyo5,JsTyRFucUg
lduberryo6@mayoclinic.com,mhinzeo6,nGoVLTimchT
pspinigeo7@gizmodo.com,xthurnero7,IAIKmxsgIem
dstrasso8@telegraph.co.uk,rwarboyo8,fbXIt1naJLP
lwalisiako9@shinystat.com,ctrembleto9,Asjaw2Cn
rbernardonioa@sciencedirect.com,htheuffoa,qPXh1kDNa0
ldivillob@people.com.cn,jyashnovob,yw4yjQ
tzienkiewiczoc@bbb.org,jegginsoc,wpQ7L4
tphythianod@wikia.com,bhatfullod,ZAs5tanY
gverriouroe@biglobe.ne.jp,szanucioliioe,k43cuyAOsOtc
jtireof@vk.com,sfenichof,yYt2ov7TgZ
hbusainog@parallels.com,acantwellog,VixWYT
wfarninoh@g.co,dwattersonoh,NB6hjcyNKR1
mpaddickoi@dedecms.com,eosuairdoi,Tp2gddZ890
borbineoj@ebay.co.uk,hrevettoj,AIX73Uh89N5q
tpaulettiok@tamu.edu,dyardyok,Mr4bd80i5m
ptremathackol@mozilla.org,mmageeol,S5yRkuEkjNfr
mgogartyom@bandcamp.com,tskurrayom,4jRj7zSyj
bjaquemaron@umich.edu,gpatifieldon,XlPHb5UfQqj7
hswayslandoo@wp.com,sclewesoo,3mAI2ytb11j
gfeeop@nbcnews.com,aabaroughop,gHQlt8dru
mkuhloq@slate.com,afrancktonoq,dqJqv4eP
echiommientior@blogspot.com,sbisetor,nozLowdOYUQ
stroutbeckos@hc360.com,krimellos,wA0fmJzzHg
taleevyot@cloudflare.com,slipsettot,bHAnbU0
lbeckou@wufoo.com,brudloffou,n0HmQCIj5d
qvanyarkinov@about.me,lkynseyov,gnarlB8
jkarpmannow@bbc.co.uk,dbowyerow,aEf5CwiJ
echatellox@abc.net.au,kmaldinox,jUBeEY
bgallandersoy@bloomberg.com,bderloy,0LJVGl
mpettyoz@about.me,mstandingoz,nUkVVV
bgooderridgep0@usatoday.com,ljosep0,nXWAPhm
ddominikp1@lycos.com,wmattisp1,JJ9ukzDG6YMD
tsilvermanp2@scientificamerican.com,rsallansp2,FRs7n8FJI8L
psenyardp3@sbwire.com,flampkep3,NJuQGBA
clagenp4@storify.com,helsomp4,z9YGImju9
ccrookshankp5@prlog.org,mcastardp5,ZlREhGl
ctilberryp6@weebly.com,ksaylorp6,MTUBd76
gormep7@google.com,mmahoneyp7,u7qqS0Fsg
tjerromep8@g.co,avanichevp8,iWvyTdXe0a
jladloep9@dot.gov,eappsp9,x2l6kgj
rodhamspa@apache.org,dswaloughpa,np6Nlx
rrostenpb@ihg.com,bmottershawpb,9jYR4nJUZ4
etrewinnardpc@ucoz.com,awaszczykpc,UMtP5v
rknotonpd@nymag.com,acaldeyrouxpd,Prd2X2Acmu
cmaclleesepe@mozilla.org,cswaingerpe,z8hBLz
fgockepf@businessinsider.com,kcardoopf,pRNUlyn
oheckneypg@wix.com,delstobpg,7yrgk9kyH3J
msymmersph@yellowbook.com,mpothburyph,0yl79XOcM
lgindghillpi@ameblo.jp,tgumeypi,kypZoQ1UK4PY
cmoattpj@ucoz.com,rmacknockiterpj,HkeBPJBqsae
ameuspk@ask.com,tparradinepk,aTfhuxrNxE
eklemtpl@flavors.me,egruszczakpl,Uy9PTbJYPeE
wlacepm@soup.io,mcourspm,QJfkqDW5s9c
ggullanepn@princeton.edu,dblaypn,Hrv7rB
gboultpo@scribd.com,rkennicottpo,tdOc14
griboupp@amazon.com,kshanleypp,sgxrPGG7DV
jshaylerpq@sfgate.com,lfraczakpq,IblltEVcEVL
gpesakpr@soup.io,crentenbeckpr,2XfdA9bKvr
druoffps@hatena.ne.jp,gbrindleyps,OTD6J5w1
fdulypt@freewebs.com,geggintonpt,57AP8B
plorainepu@mapy.cz,lcastelowpu,H38lOFAH
misenorpv@globo.com,tgrimshawpv,TBLJUVqcup
fchopinpw@addtoany.com,dpegrumpw,JO003Xov4ufe
bscottipx@w3.org,bdaughertypx,7WQGJbvU
vgouinlockpy@admin.ch,rswepsonpy,BE4thI9K
dchamberlinpz@amazon.com,mmangenotpz,hZeqhBOmQqp6
nlemoucheuxq0@friendfeed.com,tsansonq0,RFEg8dlc
mslimmonq1@spotify.com,dconkayq1,4jdn1xJKv
mmerrellq2@youtube.com,pscarrattq2,1o28KvRVsoy
fcosbyq3@shop-pro.jp,mraittieq3,N8xIeqmfe
ccarnoghanq4@yelp.com,rdellortoq4,QtIeANeqRTa
acallisq5@narod.ru,ehulseq5,WF7DkDK
whinemoorq6@bbb.org,dwoolpertq6,kUPSLCvGg0E
wgonningq7@symantec.com,cbrambleq7,Il8su815OUY0
nmalkieq8@wired.com,rchasonq8,OzN2EG
tbrundillq9@msu.edu,spieq9,6HZx9Giry
dplankqa@census.gov,ibaggettqa,IrcDFHI7q
krobinetqb@chronoengine.com,clawreyqb,31ac1HAkq
dmaccrossonqc@fda.gov,rplewesqc,rivz8jBpkwE
kstacyqd@eepurl.com,frismanqd,pVPijyck
ayukhnovqe@cloudflare.com,btrekerqe,cfHM59SmpSt
tsigartqf@mysql.com,nkelwaybamberqf,czU2Xl2S8c
gchatbandqg@aboutads.info,twildberqg,LxBnLLNSc
cmulvihillqh@yahoo.co.jp,rainsworthqh,em5fEsY
dbrindleyqi@bbc.co.uk,alafranconiqi,oEGiYPO7jZC6
wsydesqj@360.cn,abagleyqj,G0McDP9
ccoventonqk@craigslist.org,jskeffingtonqk,3cmYoBAWf
bgiamittiql@bing.com,rbrineql,jzhqSyJw
cyitzhakofqm@vk.com,rrissoqm,rsMFyy
ifarrimondqn@twitpic.com,chasnipqn,hNqtcjjv
ebroughtonqo@archive.org,trecklessqo,9e0HsDT
sashnessqp@facebook.com,gferrerasqp,80WhSxE
agabbottqq@twitpic.com,llewknorqq,llhqguKThx
rhargetqr@feedburner.com,kshmyrqr,fIL2lTNZogQ
alabroqs@huffingtonpost.com,gantoinetqs,dO8qxomJ54L
nfareweatherqt@pbs.org,pblasioqt,KSByUQ4zXKG
bcamelliniqu@thetimes.co.uk,fdifranceshciqu,m8ejx7JZ1
mbrodbinqv@eventbrite.com,gjeckellsqv,ubbzPOzDfe
tcrutqw@engadget.com,dmallabyqw,dCmfxpScJ3
igrandhamqx@wordpress.com,hgreaveqx,Poa8bmdBeE4
itrosdallqy@ibm.com,jlittlemoreqy,7kFwBxW
jtetherqz@usa.gov,mcorahqz,fZyAgIKsdVrU
crowesr0@list-manage.com,hstruijsr0,Ejgukekbxm
mjador1@i2i.jp,rcarswellr1,6rKBdImEbQc
tschroderr2@narod.ru,svargasr2,MJQXKg
lgresleyr3@edublogs.org,radrianir3,j9nWImir88
jbayleyr4@mashable.com,vyarer4,2n8HBn9OZ8Y
atrowerr5@ycombinator.com,nblakslandr5,xyYuFFywtG
bpurdeyr6@tuttocitta.it,ojessopr6,2X8qF2Y
nsummersettr7@newsvine.com,ggethingr7,Irmwyok1PQY
bloftsr8@prnewswire.com,pdarringtonr8,dYA6VZRXRu
ccusworthr9@cyberchimps.com,citzcovichr9,7tzFHnwFRvxZ
csirrellra@sina.com.cn,jtibbsra,1Xoz4ztj5Y
plaverickrb@baidu.com,aebbrellrb,X4IqvAjcTiLt
rcornilleaurc@prnewswire.com,labsonrc,SMBAmhgD
acorkingrd@intel.com,rbullantrd,HsczjZ
gnekrewsre@scribd.com,emceloryre,kf1nptIut
mvibertrf@addtoany.com,oharbardrf,S1zCSWiFvVAm
vradkirg@marriott.com,lspenslyrg,6jMdA2azcnmg
lfrancklinrh@wordpress.org,cwickmanrh,SmebJVro
tanfreyri@shareasale.com,bsilverwoodri,cVBNuQ1N
vtedmanrj@skyrock.com,jmackrj,Wx6fT5F
rgiorgirk@google.co.uk,sskacelrk,iO0hGvxQU
hbonaviarl@thetimes.co.uk,omargettrl,UHvyhJRYRDVQ
lswettenhamrm@yolasite.com,aalelsandrovichrm,SYXk0QHf
vhowgillrn@ihg.com,lluchellirn,4L5dIz7jh
adunsmuirro@marriott.com,jhazeldenero,MeQ3XhU
aogbornerp@etsy.com,lethridgerp,0IiF7R
kmillichiprq@rambler.ru,bgrewerrq,TNto4Nf
cbrodleyrr@yellowpages.com,rtethacotrr,vNWGs01
